389956,2099 
1399758,2099 
664075,2299 
392187,2099 
923119,2298 
1712427,2099 
1751596,2098 
1459223,2099 
860739,2098 
199186,2211 
681684,2099 
1436059,2099 
1666107,2098 
1751554,2099 
693809,2099 
1751327,2299 
888071,2098 
962243,2298 
1022844,2099 
1751534,2099 
1751480,2099 
1751199,2298 
1190806,2094 
413426,2298 
661409,2083 
998645,2098 
200462,2268 
122526,2098 
1665597,2099 
855247,2098 
1693138,2099 
1658000,2098 
1624774,2098 
1741998,2298 
579484,2097 
1732283,2098 
805758,2097 
1665039,2299 
376134,2099 
1744538,2099 
132901,2099 
1193797,2299 
1719350,2098 
1751258,2099 
1751312,2099 
384423,2299 
676138,2298 
1751245,2099 
1008443,2099 
1003718,2097 
1750724,2098 
1550878,2098 
129747,2099 
1687986,2098 
1751107,2298 
663883,2098 
70679,2298 
747599,2099 
385815,2099 
951185,2098 
1749249,2099 
1253606,2099 
1635728,2298 
759123,2099 
1750210,2099 
605810,2099 
85255,2298 
950110,2099 
1751088,2299 
1070548,2099 
1751020,2099 
1751029,2299 
985505,2099 
1751049,2099 
949583,2097 
1344735,2087 
304516,2299 
536507,2052 
1750929,2298 
1750815,2298 
389187,2099 
174417,2099 
1005288,2099 
383563,2099 
954197,2099 
1671976,2099 
1750845,2098 
1731679,2099 
501151,2099 
989057,2299 
69119,2098 
673987,2299 
103940,2097 
945920,2099 
1750169,2298 
1206845,2299 
1741540,2298 
1750765,2099 
1670628,2098 
1748861,2299 
1750761,2098 
812651,2099 
661470,2099 
1750715,2099 
1750644,2098 
1025472,2099 
391033,2099 
1748117,2099 
1057479,2299 
619007,2099 
396128,2096 
1212253,2298 
393732,2099 
1750510,2099 
1712783,2099 
295913,2097 
1750587,2099 
1001580,2099 
663830,2096 
1085709,2099 
834963,2099 
1750477,2099 
1744406,2098 
1720109,2298 
238789,2098 
767196,2099 
1750363,2298 
666483,2098 
128111,2074 
222437,2096 
612642,2027 
387565,2084 
1750302,2299 
1158730,2099 
1746144,2099 
1750238,2099 
1750209,2099 
238378,2299 
1750187,2099 
1675127,2098 
1750178,2298 
283956,2099 
1008319,2098 
605120,2085 
649337,2099 
1747331,2099 
483260,2065 
1728021,2298 
1749972,2099 
154286,2085 
1720131,2099 
1711984,2098 
260050,2098 
1749993,2298 
76955,2298 
725111,2099 
147716,2299 
1404126,2099 
943342,2099 
1645848,2099 
1733255,2298 
1667490,2099 
1749742,2099 
607796,2099 
1749774,2098 
1650939,2098 
72525,2099 
1749687,2299 
1739032,2098 
1747249,2099 
1742840,2099 
356936,2095 
1670252,2099 
1749566,2299 
1025284,2299 
613150,2086 
285909,2099 
1746578,2299 
1732117,2098 
1749408,2299 
704562,2095 
1712587,2099 
256539,2099 
1740316,2099 
1734900,2099 
233628,2299 
1725439,2099 
1529416,2299 
1250885,2073 
688390,2299 
588498,2099 
681204,2299 
1749442,2099 
151042,2098 
1749399,2299 
591983,2099 
670676,2076 
554815,2099 
1745410,2098 
1739098,2298 
1747513,2299 
1639878,2098 
1356819,2299 
1739667,2099 
929782,2099 
77399,2098 
1749337,2299 
1713815,2098 
1749277,2098 
1477264,2297 
1680506,2299 
1749186,2099 
1749063,2099 
1749173,2299 
1749170,2098 
1748977,2298 
892037,2296 
1713334,2098 
1749115,2099 
531201,2297 
519834,2299 
1748948,2098 
1704426,2098 
1724741,2299 
510150,2099 
864890,2099 
1669517,2099 
1748326,2099 
673863,2098 
1748761,2299 
1645845,2299 
1652765,2298 
589636,2299 
47767,2289 
1735359,2299 
1675156,2098 
1681646,2299 
1000274,2098 
1620712,2099 
1748304,2099 
1748396,2099 
1660592,2098 
1748238,2099 
1463625,2297 
1740182,2298 
408670,2099 
1693091,2099 
659087,2099 
1746961,2098 
636160,2299 
1627422,2298 
1674639,2099 
1437240,2099 
1748080,2098 
136257,2098 
1719023,2298 
1674640,2299 
704243,2098 
1747963,2098 
1737109,2099 
1745938,2098 
768890,2096 
1747834,2098 
1628900,2098 
696566,2099 
989532,2099 
1735073,2099 
1745222,2099 
1747692,2098 
870712,2099 
1747391,2299 
1745652,2098 
253347,2299 
1740170,2298 
1678030,2298 
619246,2099 
1034852,2099 
153825,2096 
1734699,2298 
1747479,2099 
1668254,2099 
704365,2298 
1666025,2099 
1747406,2298 
1747402,2298 
192483,2098 
52024,2099 
544515,2099 
1747405,2098 
1747381,2099 
1734177,2299 
1747407,2298 
384063,2099 
516268,2099 
1745879,2098 
595358,2299 
1745585,2298 
439032,2296 
1676238,2099 
1742410,2299 
939624,2089 
77827,2285 
661693,2087 
1391006,2299 
7693,2099 
1715156,2298 
1687298,2299 
1674502,2098 
1747122,2098 
1699360,2298 
1744605,2298 
579985,2296 
1747054,2098 
325334,2287 
1659749,2098 
1674405,2299 
1685284,2298 
1691563,2298 
1723620,2298 
1746878,2098 
995024,2299 
1746848,2099 
1087956,2098 
991724,2098 
892478,2098 
592542,2097 
1746704,2299 
1746736,2298 
1733561,2299 
1746706,2099 
1746640,2099 
1008092,2098 
399242,2298 
1666766,2098 
1744689,2298 
1588073,2099 
1746516,2099 
1670289,2299 
1742583,2098 
649373,2299 
1746439,2099 
156789,2099 
1720431,2299 
1746188,2299 
1300965,2298 
1746147,2299 
1628102,2099 
1746044,2299 
182335,2099 
1745772,2098 
1736634,2099 
1696231,2299 
1745880,2298 
1745915,2099 
1745773,2298 
1720154,2098 
1745832,2299 
1712314,2098 
1742383,2099 
1713175,2099 
646587,2098 
1745643,2099 
1692937,2299 
1658945,2299 
1745670,2099 
1745617,2098 
1656988,2098 
1745607,2099 
1745602,2098 
621060,2097 
206249,2192 
1661515,2298 
70416,2098 
239257,2269 
1087705,2295 
974012,2099 
1673945,2098 
1703638,2099 
1739111,2098 
1727301,2098 
1745254,2098 
1745213,2098 
1745197,2299 
879980,2099 
91471,2099 
1674748,2299 
1739312,2099 
383929,2098 
1679115,2298 
93505,2299 
1744947,2098 
1733629,2299 
1740396,2099 
477058,2299 
333770,2299 
114947,2299 
8789,2099 
1675009,2098 
1309822,2299 
1715635,2299 
1715884,2298 
662459,2085 
332370,2099 
561505,2299 
1730354,2298 
1744930,2298 
1729768,2099 
430282,2080 
476494,2099 
482786,2099 
1713936,2299 
1377068,2299 
1744835,2299 
1738648,2298 
1732682,2099 
439000,2299 
1742900,2098 
654393,2098 
1714646,2299 
1697841,2099 
691140,2297 
1744627,2298 
1744595,2099 
1744608,2098 
1743751,2098 
1744579,2098 
200262,2099 
1744271,2298 
1744505,2098 
825195,2098 
1744437,2298 
604058,2099 
1744022,2099 
1744417,2098 
1744451,2099 
1654422,2098 
158352,2299 
758879,2099 
1724467,2099 
1141409,2098 
833327,2095 
1689571,2298 
1311966,2298 
1744198,2098 
1743073,2099 
1744214,2098 
1744208,2098 
1744234,2299 
1053361,2099 
908573,2099 
1744101,2099 
1728767,2099 
1718207,2098 
1744043,2298 
1744056,2298 
1744011,2098 
1743992,2099 
1744014,2299 
1742358,2299 
1740595,2098 
1743952,2098 
167666,2099 
166633,2048 
1730602,2099 
938802,2099 
1705293,2099 
1743870,2099 
876312,2096 
981487,2098 
49040,2097 
878089,2098 
518553,2299 
1642289,2096 
1743594,2298 
1743499,2298 
1742305,2098 
1741655,2099 
1743438,2099 
1743113,2099 
1743334,2298 
1719983,2099 
662067,2099 
1743014,2099 
1179221,2097 
1739615,2099 
1743138,2098 
1743123,2098 
1743175,2098 
1743173,2098 
1742664,2098 
1743154,2098 
1721960,2299 
1743024,2099 
1653742,2299 
1742977,2298 
1742984,2298 
1719295,2099 
643363,2084 
762802,2096 
540945,2297 
1742880,2298 
1742855,2098 
1740260,2098 
1715912,2098 
1742795,2098 
1742712,2099 
1742656,2098 
1670398,2099 
1742657,2098 
338669,2099 
1710484,2298 
1742599,2299 
1691928,2299 
1742382,2098 
1653434,2099 
1640652,2299 
1742549,2099 
1742462,2298 
1736558,2098 
1742368,2299 
1724729,2298 
1742278,2298 
1742110,2099 
1742280,2298 
180603,2097 
1742236,2299 
969724,2299 
1736495,2299 
1742197,2098 
96851,2074 
595111,2080 
1046732,2081 
1742191,2098 
128726,2099 
649661,2297 
1739919,2299 
1742144,2298 
1667115,2297 
1742134,2299 
745398,2099 
391379,2097 
1651542,2099 
658594,2099 
1741972,2099 
1733592,2099 
1741936,2099 
1741920,2099 
1741845,2099 
1741795,2298 
1716826,2098 
774376,2099 
116792,2095 
1719757,2099 
1741788,2098 
1724377,2098 
1733760,2299 
1741610,2098 
1741620,2098 
387844,2099 
1741617,2099 
1741614,2098 
1724224,2298 
1666501,2299 
343752,2099 
1741481,2099 
1741382,2298 
1740497,2099 
688605,2299 
1694639,2298 
1741284,2098 
1739318,2099 
1741208,2098 
1732924,2099 
1739580,2098 
1739534,2099 
1736870,2099 
1741037,2298 
686094,2297 
1740831,2299 
1732261,2098 
760893,2099 
1740648,2099 
1740631,2099 
1740557,2099 
1684267,2298 
1740594,2298 
1740563,2098 
1740567,2098 
1740549,2299 
1740564,2099 
615116,2299 
1740475,2298 
738141,2299 
1684199,2098 
1740448,2098 
1739841,2099 
1716864,2098 
1594960,2099 
1740296,2098 
382322,2299 
1739966,2098 
1740320,2299 
416877,2299 
430817,2099 
1740088,2098 
1740133,2099 
1739925,2299 
652002,2098 
1351571,2299 
1720293,2299 
651271,2084 
1739913,2298 
1739803,2098 
1739930,2099 
651463,2098 
1737061,2099 
660629,2099 
1739702,2099 
1739788,2098 
1739811,2099 
1735709,2099 
1732317,2299 
1739792,2099 
1739719,2098 
1720341,2098 
1668271,2098 
1739635,2299 
1739176,2298 
1737547,2099 
1732779,2098 
1716137,2299 
1732366,2098 
1739470,2299 
1675022,2099 
1738808,2299 
921398,2099 
1739394,2298 
1739403,2099 
1664344,2099 
488990,2299 
967220,2296 
1000589,2096 
50680,2297 
1739241,2298 
1739253,2098 
1739208,2098 
1739013,2299 
969063,2299 
105768,2099 
1738888,2098 
1737483,2099 
1739028,2098 
983135,2098 
1738819,2099 
1736374,2299 
1738378,2298 
1738900,2098 
92518,2099 
171228,2092 
1738630,2099 
1605050,2299 
1714611,2098 
1674660,2099 
1716412,2098 
338436,2299 
1738392,2299 
1738331,2299 
1249576,2099 
380539,2098 
626112,2099 
544977,2299 
1725386,2298 
1738142,2299 
1708291,2098 
1671078,2099 
1736517,2098 
1737949,2099 
1737890,2298 
1737683,2099 
1737827,2298 
755716,2299 
1737606,2099 
962110,2099 
1734089,2298 
1737614,2298 
1729703,2299 
1737529,2098 
1737548,2298 
1728352,2299 
1737521,2299 
1737503,2098 
973052,2299 
1737406,2098 
1668836,2299 
1735933,2299 
1661318,2099 
1583492,2299 
1737197,2298 
1737249,2099 
1174793,2298 
1737167,2298 
1737179,2099 
1725762,2298 
416591,2099 
586385,2098 
707345,2298 
453188,2266 
1736956,2099 
1732713,2299 
1729269,2298 
1736889,2099 
500048,2295 
1736665,2298 
324248,2289 
1736605,2098 
174637,2094 
1733313,2098 
407572,2097 
1735758,2299 
132023,2098 
1736469,2298 
70071,2097 
1736405,2299 
1736318,2298 
265293,2299 
911215,2298 
306616,2299 
1736370,2098 
1736003,2098 
1736315,2099 
1733058,2098 
1735541,2299 
1139042,2297 
532227,2099 
1736039,2098 
1736051,2098 
1735813,2099 
1694767,2098 
1728346,2098 
1728281,2099 
1735979,2299 
1718047,2098 
1735965,2299 
1735922,2099 
1713112,2098 
1150139,2099 
1735123,2099 
1735864,2299 
1735846,2298 
1735845,2098 
1735823,2299 
862791,2099 
1735772,2299 
491780,2099 
1734937,2098 
1735634,2099 
1730224,2299 
1052905,2098 
1735597,2098 
1735494,2298 
1735543,2099 
1726907,2099 
1731920,2299 
144221,2097 
1734146,2299 
1735456,2098 
1715214,2098 
1729920,2098 
1735209,2298 
1735353,2298 
1734792,2299 
1735311,2098 
961649,2097 
1670253,2099 
1727150,2299 
1734850,2098 
277699,2299 
1734138,2298 
1150611,2097 
783628,2099 
1735026,2099 
1734978,2098 
177274,2098 
1734877,2298 
1734890,2098 
1725765,2298 
1734824,2299 
1733697,2299 
1734566,2099 
1732966,2099 
1734776,2099 
1732653,2299 
1733333,2299 
1730712,2099 
649968,2298 
1734150,2099 
1734324,2299 
1734374,2099 
1734305,2298 
508926,2297 
1734296,2299 
1733436,2098 
1734279,2098 
1734262,2099 
1734116,2099 
1734173,2099 
1713805,2098 
1734142,2299 
1734187,2099 
51657,2277 
1056423,2099 
1733994,2098 
1734149,2098 
1674854,2299 
1734113,2299 
452418,2098 
482811,2097 
1733924,2098 
1733972,2098 
1733980,2098 
1733882,2098 
1733946,2098 
396577,2099 
1733710,2298 
1688804,2099 
1733864,2099 
1664915,2098 
1733778,2099 
1022533,2099 
885684,2098 
1733773,2099 
1733758,2298 
1733728,2098 
1325041,2299 
1733646,2298 
693313,2099 
1733459,2098 
634659,2099 
1733416,2299 
1724531,2299 
1733332,2299 
992823,2299 
291798,2062 
1728979,2098 
1733263,2098 
1689634,2099 
1733267,2098 
1733303,2298 
1733312,2298 
265734,2099 
1733116,2098 
1711881,2098 
103338,2299 
965149,2298 
9117,2099 
1733111,2298 
103366,2099 
1720060,2098 
963860,2099 
65445,2085 
1732290,2098 
1611017,2299 
1733012,2098 
71432,2290 
1732071,2299 
1731947,2299 
1299999,2099 
1732913,2298 
1732789,2299 
1732642,2098 
1732801,2098 
1732777,2298 
430127,2099 
1732679,2099 
1670258,2299 
1732501,2298 
1732692,2098 
1006651,2098 
201119,2298 
1732629,2098 
1732681,2299 
1594654,2099 
1729162,2299 
1732717,2298 
1659845,2298 
91686,2296 
1653024,2099 
1732675,2299 
1732307,2298 
1671302,2098 
1732640,2099 
1732569,2299 
956598,2098 
67668,2083 
1732623,2299 
1732519,2099 
656775,2299 
393593,2097 
961186,2099 
1732503,2299 
1732466,2298 
1732420,2099 
1732470,2099 
1732311,2298 
1732214,2298 
1732268,2099 
1732230,2298 
1700807,2099 
1679657,2098 
74832,2098 
1731901,2099 
1732076,2299 
1731955,2099 
1731975,2098 
1731911,2298 
1654757,2299 
1731907,2098 
607538,2099 
149051,2299 
51798,2099 
1731517,2298 
1724021,2298 
1668653,2298 
1731278,2099 
1720387,2098 
1726349,2099 
1729839,2099 
1729987,2299 
606120,2099 
1730996,2099 
660026,2084 
1726043,2099 
1730750,2098 
1729030,2098 
1675653,2098 
1667932,2298 
649364,2298 
1725041,2299 
1721421,2299 
1717041,2099 
1726935,2298 
214411,2299 
930983,2299 
1694458,2099 
1730429,2099 
1730338,2298 
628165,2099 
1730262,2098 
1730236,2099 
1730213,2299 
1730219,2298 
1726449,2099 
1729648,2098 
1099127,2099 
385499,2099 
1729994,2098 
1711943,2098 
1729450,2098 
1729383,2298 
1316412,2099 
1060310,2299 
1729411,2099 
802152,2099 
1037578,2099 
1711922,2099 
1729380,2099 
1729376,2298 
1729262,2098 
1725660,2299 
1729332,2298 
85863,2099 
1687571,2098 
1729242,2099 
1729209,2098 
370320,2099 
354181,2094 
70780,2061 
1729104,2099 
1726135,2298 
639022,2262 
620205,2086 
471495,2299 
1704328,2099 
1728878,2098 
1728109,2098 
1724702,2098 
1728818,2299 
1669986,2098 
1728666,2298 
1725703,2299 
1723272,2098 
1728653,2299 
1728634,2098 
1728581,2099 
1659252,2098 
1728493,2299 
1666953,2098 
374507,2098 
1724512,2299 
1728518,2098 
1657930,2099 
1504874,2099 
1661052,2099 
1633039,2099 
363459,2099 
1670853,2299 
1146667,2034 
1714618,2298 
1728393,2299 
1714899,2299 
137080,2298 
1661774,2098 
75068,2299 
1196173,2099 
1728303,2099 
1676532,2098 
244365,2298 
1728260,2099 
1728213,2098 
415610,2296 
1727960,2298 
1728168,2099 
1728165,2098 
1726912,2099 
112672,2099 
1728113,2298 
1728089,2099 
1727932,2098 
1728066,2299 
1727923,2099 
1724827,2299 
1727945,2098 
1727940,2299 
329017,2099 
1727890,2098 
47877,2296 
757742,2098 
1727746,2099 
1677647,2099 
1713139,2099 
1727753,2098 
1727631,2299 
1727605,2299 
1723706,2098 
1727560,2099 
599750,2084 
1547490,2099 
1725656,2098 
1710816,2298 
1727591,2298 
1727571,2098 
1721594,2098 
1727247,2098 
1727377,2099 
1727354,2099 
1727341,2298 
1727241,2298 
1727243,2098 
1714208,2299 
1727080,2099 
1717500,2099 
1679357,2097 
1727137,2099 
1016731,2097 
968693,2099 
1161680,2097 
165080,2299 
1723035,2299 
1726852,2299 
1109012,2299 
1725540,2099 
1726833,2098 
635954,2084 
1636099,2098 
1726565,2099 
6260,2299 
1726652,2299 
1725823,2098 
1700007,2099 
1726447,2099 
1726426,2099 
1726343,2098 
1726120,2298 
1704503,2298 
415996,2095 
1726036,2299 
1726020,2098 
1725835,2098 
1725809,2098 
1719058,2098 
1720311,2098 
1078222,2098 
1723784,2098 
1725888,2098 
966986,2299 
1679477,2098 
1725586,2098 
935165,2299 
1725757,2098 
1102693,2098 
1683667,2099 
292098,2299 
1725517,2098 
649506,2299 
1725507,2298 
1725364,2098 
1725047,2299 
1720262,2299 
1725428,2299 
1720072,2099 
1725226,2298 
1723149,2298 
1720765,2099 
1725248,2298 
1724875,2299 
1725080,2299 
1650314,2098 
1725088,2299 
167906,2299 
1639050,2298 
1720089,2098 
1724477,2098 
1720386,2298 
921167,2299 
1721073,2298 
1624669,2097 
1724724,2099 
1724716,2098 
1724722,2099 
1724770,2098 
1669282,2299 
293531,2299 
270030,2098 
1724676,2098 
1724602,2099 
791621,2098 
1724653,2099 
1724328,2099 
1724481,2099 
1724444,2299 
1724449,2098 
1724148,2098 
1719622,2098 
1724381,2099 
1724380,2298 
1724174,2099 
51478,2099 
1656362,2098 
1724191,2298 
1724175,2299 
1724176,2098 
1013992,2299 
1719325,2299 
128264,2296 
163221,2097 
98159,2297 
244398,2299 
111668,2096 
1723940,2098 
1723874,2098 
1723843,2299 
1715595,2099 
1723777,2298 
1723772,2299 
1723643,2299 
1723253,2298 
1723650,2098 
1723486,2298 
650787,2087 
1561832,2274 
1723522,2098 
1723335,2098 
1716370,2099 
1719746,2099 
1716441,2098 
1722185,2098 
1723246,2299 
1722217,2098 
1723100,2099 
1722979,2099 
221563,2099 
439676,2085 
1722808,2098 
1722845,2299 
228927,2299 
1722603,2298 
1722631,2098 
1717096,2099 
1712814,2098 
1722539,2098 
324948,2099 
1722525,2298 
1720496,2298 
639503,2098 
1722333,2298 
1718086,2298 
1722332,2299 
1719991,2098 
1722322,2098 
1721677,2098 
1721635,2299 
1571345,2297 
1722139,2098 
1721682,2298 
1044601,2099 
1722098,2299 
608184,2099 
1715164,2098 
1721992,2098 
1671303,2298 
1721885,2098 
42178,2099 
1716116,2098 
500989,2297 
1721428,2098 
1721365,2098 
1721381,2299 
1719477,2099 
1721276,2099 
1653684,2299 
1721240,2298 
947029,2099 
1721264,2099 
285357,2083 
1719894,2099 
1660316,2099 
1720884,2098 
638188,2098 
891996,2099 
1720600,2298 
1719162,2299 
1720605,2298 
1720848,2099 
1720937,2099 
1720799,2299 
1719883,2099 
1720753,2098 
1720867,2098 
1425891,2296 
386701,2298 
1720637,2098 
1720272,2099 
1720656,2098 
1720619,2298 
1719699,2099 
750574,2299 
1720468,2299 
1720479,2099 
1720461,2098 
1720418,2099 
1720263,2299 
1720145,2099 
1715143,2298 
1719980,2298 
1697417,2098 
1720207,2098 
1720078,2098 
1720187,2099 
666687,2099 
726879,2097 
1720106,2098 
1720086,2298 
1720055,2098 
1653183,2299 
1719739,2299 
674103,2299 
1719888,2098 
1719732,2098 
1719875,2099 
1719937,2298 
1719949,2099 
1719861,2098 
402542,2097 
1719586,2298 
1068795,2099 
1719827,2099 
1719780,2299 
1719599,2098 
1719679,2299 
557194,2099 
1666177,2098 
1719733,2299 
1719644,2099 
1719629,2298 
1673980,2099 
1010243,2099 
800008,2099 
1719482,2099 
1711927,2299 
1702602,2099 
1719362,2099 
1719333,2099 
1286926,2045 
1717130,2098 
1719312,2299 
1656631,2098 
1715289,2099 
1719144,2099 
151192,2099 
1719054,2098 
514767,2099 
510185,2099 
1277218,2099 
1716237,2098 
1005670,2098 
1718506,2298 
1579050,2099 
1718365,2299 
1704545,2099 
1718224,2099 
1370942,2098 
1717965,2099 
1665244,2098 
1716863,2098 
281446,2099 
1717584,2099 
1717499,2098 
1717468,2298 
645515,2098 
1716479,2098 
1717119,2099 
1716930,2098 
1716985,2099 
1716045,2299 
1716901,2099 
1716871,2099 
1672954,2099 
1716794,2098 
1715411,2098 
321981,2098 
1715080,2099 
659228,2098 
1716694,2098 
334656,2097 
1029580,2099 
1716664,2099 
1361205,2298 
577747,2098 
1716634,2098 
1716579,2098 
1716320,2098 
1716671,2099 
1686232,2098 
1716380,2099 
1716619,2098 
1020344,2099 
1716537,2098 
1716224,2099 
1656548,2099 
386634,2299 
1716397,2098 
1716448,2099 
1716454,2298 
1716367,2099 
1714909,2298 
1716336,2299 
1716037,2099 
1715312,2299 
1716267,2298 
1716280,2099 
1716264,2299 
1716164,2099 
1716099,2298 
1651323,2098 
1716119,2298 
133516,2299 
1715894,2099 
1715999,2299 
375707,2298 
1715945,2099 
1715863,2099 
1715702,2299 
1715633,2099 
644673,2098 
1715353,2099 
1217845,2298 
1715727,2098 
1715766,2298 
1715713,2298 
1712229,2098 
1470976,2099 
1715571,2098 
629478,2295 
1715399,2098 
1715397,2299 
665244,2099 
1715400,2098 
1715426,2099 
1715357,2099 
1715317,2098 
1715364,2299 
1715127,2098 
1715087,2299 
1714817,2299 
284234,2097 
1715058,2099 
1715046,2099 
1715018,2298 
1659903,2298 
743179,2060 
1281711,2299 
1714874,2098 
1667084,2098 
1714826,2099 
1714778,2298 
720906,2099 
1680640,2099 
1710757,2098 
97617,2273 
273499,2099 
1714698,2099 
1483915,2298 
882362,2099 
621634,2284 
62584,2087 
1712308,2298 
1714482,2099 
69186,2098 
1712944,2298 
1714522,2098 
1714520,2098 
1714388,2298 
1712065,2099 
306190,2099 
1711946,2098 
119181,2099 
693622,2099 
1714196,2099 
1654127,2099 
1714377,2298 
1635378,2099 
967444,2099 
673710,2299 
1714257,2099 
1652135,2099 
1713917,2298 
783224,2298 
1712132,2099 
1714128,2099 
1713764,2099 
1714084,2099 
1714013,2098 
1710917,2098 
1697436,2098 
1713848,2299 
1713193,2298 
1712113,2098 
437464,2098 
1713637,2098 
1664002,2099 
1711887,2099 
1713599,2099 
56387,2298 
1713464,2299 
1713481,2298 
754031,2299 
1712589,2099 
221453,2099 
1711828,2098 
1713034,2099 
1712905,2299 
1712827,2099 
1712365,2098 
1026289,2098 
1712798,2099 
498738,2098 
773513,2299 
1664848,2099 
679276,2099 
1710822,2098 
1712329,2098 
1666546,2298 
556498,2099 
1678613,2299 
1667109,2098 
1624738,2099 
605690,2099 
1712219,2299 
1700723,2298 
1712181,2099 
1712164,2098 
615367,2099 
112061,2049 
1656662,2099 
1019255,2099 
1711746,2098 
256544,2099 
1707452,2298 
1664249,2298 
1711896,2098 
1711867,2099 
1711476,2298 
1669857,2099 
1711822,2098 
173870,2099 
1355095,2099 
584263,2099 
1023190,2099 
1711480,2298 
1709365,2299 
1711696,2099 
1711651,2297 
1711379,2299 
1679730,2098 
1703827,2299 
378287,2099 
1711602,2299 
980703,2097 
395263,2099 
1711486,2099 
1709224,2099 
1711447,2298 
388458,2099 
1711427,2299 
394902,2299 
1711158,2298 
777035,2099 
1706378,2299 
166594,2281 
163884,2099 
1711099,2099 
1057452,2098 
1711308,2098 
571705,2299 
1002401,2099 
1681692,2099 
1711179,2299 
331660,2097 
1711146,2298 
409755,2097 
619089,2087 
1709244,2099 
1711113,2298 
1711076,2099 
1711100,2298 
1656934,2098 
214124,2297 
1664626,2099 
697808,2099 
757303,2099 
1679400,2299 
67118,2297 
1710900,2298 
1012113,2099 
1670388,2298 
1024125,2060 
128341,2080 
1409562,2099 
215417,2098 
73618,2087 
893205,2097 
1686375,2298 
1660637,2299 
128210,2281 
1255376,2099 
1707638,2099 
389069,2099 
1660379,2299 
1697070,2298 
1690451,2098 
1710612,2099 
1710595,2298 
1623521,2098 
1097811,2098 
1669392,2099 
1283020,2299 
1708769,2298 
1338251,2099 
427521,2296 
1625473,2298 
429629,2093 
1659964,2299 
1265254,2099 
1710356,2098 
1708723,2098 
1687679,2099 
461217,2099 
1246966,2082 
626793,2299 
1710195,2299 
1710184,2298 
1710238,2099 
676449,2098 
1663899,2099 
1011791,2099 
1671792,2098 
487943,2297 
411840,2097 
92681,2098 
1672333,2299 
1100808,2299 
653854,2299 
1456747,2099 
1164673,2099 
1706346,2098 
1316102,2099 
1709394,2299 
1709390,2098 
1709382,2298 
1709343,2098 
292722,2299 
1686329,2298 
297211,2298 
647951,2096 
1638128,2098 
1703255,2099 
358921,2099 
659783,2099 
1605061,2299 
1699706,2298 
499443,2296 
177202,2099 
1579084,2299 
1708838,2098 
1708815,2099 
1708744,2099 
369047,2289 
372585,2093 
641330,2099 
1214708,2098 
1708606,2098 
1658591,2099 
471068,2299 
1302866,2057 
201420,2096 
712198,2298 
1708395,2298 
1255332,2098 
1692463,2098 
573468,2098 
1706733,2099 
1138894,2095 
423821,2099 
1707992,2099 
1708018,2098 
1657548,2098 
349929,2138 
601576,2089 
1705639,2298 
1707798,2099 
1702479,2099 
1047904,2286 
41996,2065 
1707632,2298 
1687563,2099 
1642886,2099 
1054458,2099 
692654,2299 
1707555,2298 
1695961,2098 
1436471,2099 
1702082,2298 
659017,2099 
1707029,2099 
1707268,2099 
1690565,2298 
1707198,2298 
1703918,2299 
1398132,2070 
894250,2094 
1706874,2298 
1706932,2099 
1706818,2298 
1695089,2299 
1706504,2099 
1649903,2098 
1638381,2299 
1684819,2099 
407437,2099 
1623658,2099 
1706611,2099 
1627187,2298 
1656497,2098 
1518393,2099 
1679117,2099 
1706444,2099 
408930,2082 
1706371,2098 
390620,2098 
1706222,2298 
685725,2297 
1244811,2097 
1700628,2298 
1658096,2099 
94557,2099 
1706029,2299 
1706026,2098 
1705963,2299 
1705941,2098 
1705939,2299 
1705882,2299 
1705888,2099 
576465,2098 
103998,2097 
1166848,2098 
1020709,2099 
97872,2073 
1674370,2098 
1684357,2299 
1624939,2098 
203648,2081 
1374408,2099 
1705158,2299 
1705531,2098 
1704826,2098 
1625065,2299 
1404432,2099 
1705326,2299 
1705313,2098 
1705337,2099 
1705289,2098 
1705163,2299 
663740,2098 
154291,2297 
708374,2298 
165660,2098 
1704779,2099 
668037,2095 
1704936,2298 
1704919,2298 
1704972,2099 
1704888,2099 
1022360,2299 
605251,2098 
641631,2099 
725417,2099 
1704651,2099 
1704643,2098 
1667240,2099 
617603,2099 
709048,2099 
1671858,2099 
1216758,2299 
1690952,2298 
653333,2082 
1704281,2298 
1513574,2087 
1683920,2099 
1673799,2098 
1703427,2299 
1704193,2099 
416932,2099 
1704125,2098 
614714,2098 
104826,2093 
1704085,2299 
414768,2299 
1704144,2298 
1703911,2299 
1662390,2098 
1682010,2099 
1703496,2299 
1115193,2099 
1666272,2098 
744850,2099 
1164340,2299 
1703674,2298 
1703787,2298 
1703445,2299 
501329,2295 
686630,2296 
1703678,2298 
1703701,2298 
1703708,2299 
1703613,2298 
1616407,2297 
662733,2099 
1703605,2298 
1703543,2098 
262926,2299 
1703535,2099 
1703370,2299 
1703452,2099 
1691110,2298 
1700199,2298 
770024,2098 
1702846,2297 
1686959,2299 
1703025,2299 
1703211,2099 
1703298,2098 
1703011,2299 
1093810,2097 
578934,2097 
505584,2097 
1703024,2099 
1703037,2299 
674631,2034 
1696197,2098 
609693,2087 
1693350,2299 
1297836,2098 
1691599,2099 
1661540,2298 
1677657,2298 
1702687,2099 
1702672,2299 
979783,2099 
427481,2299 
1070013,2098 
1702653,2099 
1702631,2098 
656239,2299 
1702396,2099 
326727,2099 
1634788,2099 
389518,2098 
1670042,2099 
1702410,2099 
594471,2296 
1702359,2098 
1702357,2299 
1702222,2098 
1702153,2298 
1699819,2099 
1668637,2098 
665671,2099 
1701925,2299 
1701888,2098 
1004276,2099 
519101,2055 
822034,2099 
1653801,2298 
1681310,2099 
1661441,2098 
940634,2099 
1701356,2298 
306490,2299 
1701348,2298 
1664639,2099 
375420,2096 
1700009,2099 
1701194,2099 
1701146,2298 
1699892,2098 
1700340,2098 
1692727,2298 
1700987,2098 
1701027,2099 
1701033,2098 
1701028,2299 
1661618,2099 
1657025,2099 
939883,2097 
1700865,2098 
1674825,2098 
1698077,2098 
1700752,2098 
1647300,2299 
1700553,2099 
666425,2099 
659026,2098 
1109838,2097 
888898,2298 
1700378,2098 
1699813,2099 
1697666,2098 
1691345,2098 
1700322,2098 
1685708,2099 
1183960,2098 
1700035,2099 
347860,2096 
1669843,2099 
969607,2298 
1424367,2098 
1691917,2099 
1202087,2099 
766580,2297 
1697544,2099 
439981,2099 
1699906,2298 
296598,2293 
1641198,2098 
661680,2099 
1699620,2099 
1699626,2098 
875854,2098 
461035,2281 
1006421,2099 
663617,2099 
387036,2298 
1699237,2299 
1176157,2298 
520908,2099 
1697466,2099 
1627554,2099 
1697921,2099 
1003635,2098 
1696982,2098 
1698421,2098 
1698995,2099 
1698965,2099 
1698902,2099 
1698083,2299 
1698725,2299 
1698653,2099 
1353679,2099 
1193900,2099 
1651547,2099 
1674713,2099 
966466,2098 
1657076,2099 
178948,2099 
1175346,2299 
1665564,2098 
1698179,2098 
374976,2096 
1698166,2098 
71171,2099 
1698229,2099 
1006296,2099 
1697890,2098 
1692470,2099 
1690740,2099 
1688951,2099 
1675781,2099 
446551,2299 
1697647,2098 
137987,2098 
1697731,2098 
607551,2099 
1697667,2098 
1670247,2098 
1697756,2298 
1025069,2098 
1697726,2098 
1697755,2299 
1697749,2098 
1695786,2098 
1697582,2098 
664884,2099 
1697555,2099 
1697576,2099 
1697578,2298 
1690742,2099 
1003892,2299 
762512,2099 
1697480,2099 
247007,2097 
1695250,2298 
1697474,2098 
1393824,2099 
1663843,2098 
344137,2099 
1505736,2097 
736674,2099 
1696891,2099 
396057,2297 
21018,2299 
1657955,2299 
1632009,2098 
1696888,2098 
992363,2099 
106532,2099 
1694896,2099 
1687795,2098 
1697073,2298 
264960,2294 
1696624,2099 
1696842,2099 
1696819,2098 
1696693,2099 
1694570,2098 
134931,2299 
1696430,2099 
1695460,2099 
1685547,2099 
1696414,2298 
1683474,2298 
258810,2099 
1695984,2299 
1670992,2099 
1696154,2098 
1665165,2099 
1696136,2099 
1695905,2098 
11109,2098 
1695898,2299 
1661724,2098 
642351,2098 
529611,2299 
619421,2299 
1695487,2298 
1694817,2099 
679583,2098 
1689570,2098 
1631508,2298 
1673128,2099 
534252,2297 
1695508,2099 
1686495,2298 
1668767,2299 
1681403,2299 
1695336,2098 
1695343,2098 
1695333,2099 
1318010,2299 
1695184,2298 
1695254,2099 
1695278,2299 
1695173,2099 
1651475,2099 
1692717,2098 
1679871,2298 
1695060,2098 
1657873,2299 
380869,2099 
400983,2286 
1675625,2298 
148849,2035 
331803,2099 
382215,2099 
1597979,2097 
1694573,2098 
355420,2099 
1694552,2299 
788616,2099 
1665273,2299 
1694505,2098 
194697,2299 
1694462,2098 
1694416,2099 
548457,2099 
1655535,2099 
1694367,2099 
1674317,2298 
139429,2091 
819815,2098 
397923,2299 
387847,2099 
1694132,2099 
1694113,2098 
1671208,2298 
1684507,2098 
1632084,2098 
1693975,2099 
1693937,2098 
1693843,2299 
1693917,2098 
1671048,2099 
1693726,2299 
1661216,2099 
1690868,2099 
1170968,2086 
434783,2094 
706306,2095 
1693653,2298 
1686732,2099 
1693233,2299 
1693453,2299 
1693397,2099 
1692368,2098 
617676,2082 
1692061,2298 
1634033,2299 
436928,2099 
358349,2299 
1138282,2099 
1693032,2299 
1626623,2299 
1678844,2098 
1296971,2097 
1693066,2099 
368722,2067 
1692994,2299 
577394,2099 
1692924,2098 
705340,2297 
238899,2099 
1692876,2098 
1673634,2299 
1692792,2098 
1090146,2099 
1689792,2299 
1683266,2099 
1684226,2098 
1692667,2099 
1260013,2099 
594815,2060 
1692576,2299 
1212104,2298 
1652820,2099 
1630125,2098 
1692497,2099 
1690305,2298 
1337691,2098 
1692458,2098 
1692413,2099 
473943,2299 
1692299,2099 
1673870,2298 
1691438,2298 
1666442,2299 
1678118,2098 
1675981,2298 
1688879,2099 
180230,2099 
1385949,2099 
1684482,2099 
145879,2098 
1692212,2099 
1692135,2099 
1585671,2299 
1692067,2098 
1692133,2098 
1692002,2099 
1381478,2099 
1692038,2099 
1313291,2098 
239649,2071 
1061270,2299 
1689687,2099 
966881,2098 
721969,2099 
1691865,2099 
1691827,2098 
1650578,2098 
382063,2296 
1623486,2298 
1691678,2098 
1691686,2098 
1657875,2298 
1691682,2098 
563772,2080 
1691589,2099 
580179,2085 
1691498,2098 
532539,2084 
1663602,2098 
139439,2290 
1029547,2099 
1691284,2099 
1691230,2298 
1691278,2099 
467971,2099 
1691124,2099 
1691177,2298 
969941,2298 
1689759,2299 
1691005,2099 
1036890,2099 
1145229,2099 
1072130,2046 
967124,2099 
284145,2299 
518905,2099 
551883,2299 
467270,2099 
1675420,2098 
1690747,2099 
846940,2299 
699784,2099 
1627817,2099 
1690693,2299 
1685678,2099 
1690623,2099 
1222953,2099 
364803,2064 
768096,2039 
1675446,2098 
871431,2099 
604136,2099 
1625170,2099 
1679424,2099 
1690444,2099 
83370,2099 
1690378,2299 
240070,2296 
252728,2099 
1632701,2098 
1690307,2299 
897890,2099 
1690003,2099 
1690247,2298 
981271,2299 
1690078,2098 
1418957,2099 
1690213,2098 
1674911,2099 
1690127,2099 
901250,2091 
1690138,2299 
1690059,2098 
1270979,2096 
1684756,2098 
1089053,2099 
363364,2299 
1583601,2099 
1689978,2098 
783484,2099 
1689878,2298 
74026,2095 
1689998,2299 
1689967,2098 
1689874,2098 
857729,2097 
1022751,2099 
1689922,2299 
48349,2083 
1684391,2099 
1689931,2298 
1669595,2299 
452852,2098 
1689704,2298 
1689678,2099 
151438,2099 
1678160,2099 
419725,2097 
1658228,2099 
167640,2086 
238793,2099 
1645242,2299 
1534437,2287 
628327,2099 
168942,2099 
706559,2098 
1689280,2298 
1689190,2099 
1689108,2099 
1678411,2298 
1689066,2098 
1675395,2099 
1689016,2098 
1688996,2099 
1688891,2298 
1688967,2298 
1688943,2098 
1688765,2299 
1036813,2098 
1687990,2298 
1661734,2098 
1688703,2099 
1312959,2298 
1544044,2299 
1688524,2299 
1688406,2098 
375472,2099 
259583,2295 
216744,2297 
580128,2085 
1688316,2298 
394767,2299 
1559369,2298 
1632978,2098 
1688137,2099 
520658,2099 
342152,2099 
1365802,2099 
1688006,2098 
1687951,2098 
1682889,2098 
139084,1981 
1687957,2298 
1685427,2099 
653169,2098 
1687793,2299 
1632881,2298 
217202,2299 
1622864,2099 
1687695,2299 
1687164,2298 
1137213,2099 
263208,2299 
1687677,2299 
1687616,2299 
1687650,2099 
1685225,2099 
1687640,2299 
69913,2099 
1687536,2099 
1687594,2098 
1683479,2299 
631740,2082 
1687514,2298 
661401,2099 
1687519,2098 
1625567,2098 
1280631,2299 
1687308,2098 
663667,2299 
1331157,2099 
1687385,2299 
1448124,2098 
19904,2077 
445764,2087 
207645,2298 
396038,2099 
1686742,2099 
1687190,2098 
1687185,2299 
1687156,2099 
787934,2093 
1687023,2298 
1687113,2298 
1687101,2098 
1009286,2099 
1123938,2299 
1673269,2298 
653870,2299 
1686989,2298 
1686998,2299 
1189614,2099 
377612,2085 
623438,2081 
392559,2099 
567146,2299 
1686937,2299 
1421380,2099 
334741,2099 
1686815,2298 
1686760,2298 
1618801,2099 
1663806,2098 
620307,2099 
1685237,2099 
1686767,2298 
237321,2299 
693162,2299 
1669954,2098 
1652237,2098 
651755,2098 
274546,2085 
1686570,2299 
660557,2099 
1686551,2099 
1686538,2299 
693171,2099 
1661305,2098 
1680674,2098 
1686408,2098 
628958,2298 
1667266,2098 
791737,2098 
1686365,2098 
1674655,2298 
727627,2099 
1686283,2298 
244384,2299 
1673594,2298 
493287,2098 
1649813,2098 
793242,2099 
443585,2097 
501416,2096 
481870,2299 
1686072,2099 
1686005,2099 
1660944,2099 
644149,2098 
1668859,2098 
482000,2099 
1685995,2299 
1685921,2099 
298668,2059 
633260,2299 
1685775,2098 
388383,2099 
340587,2097 
1651653,2298 
1676305,2099 
1660009,2099 
1685494,2098 
1042556,2099 
1100610,2098 
623285,2096 
588413,2085 
1685321,2298 
1650799,2098 
1685279,2098 
1685275,2298 
1685222,2298 
914983,2299 
1666668,2098 
655700,2099 
1685107,2299 
1685083,2298 
1684983,2098 
1683233,2098 
1683552,2098 
1685016,2098 
1662006,2099 
1668787,2099 
39935,2082 
1683287,2098 
1680788,2098 
199581,2299 
642801,2099 
1682377,2099 
1547137,2087 
614312,2299 
172285,2097 
1665874,2099 
1684474,2299 
1683964,2099 
473779,2089 
106540,2099 
1684520,2098 
1684495,2298 
688829,2097 
1276065,2098 
133344,2098 
612621,2097 
1684332,2298 
1684304,2099 
141215,2299 
557484,2299 
1684242,2098 
75620,2298 
1684252,2099 
1510643,2098 
1684259,2099 
1671216,2098 
1684151,2099 
1683893,2098 
137138,2097 
1627279,2098 
1684025,2099 
1683013,2098 
604539,2098 
1673133,2298 
380732,2299 
1683649,2099 
1683527,2098 
1683456,2098 
1683624,2298 
1626920,2098 
1412447,2099 
774821,2097 
1683466,2099 
1675081,2299 
1683342,2099 
1638104,2298 
1683428,2298 
1683228,2299 
1683400,2099 
1683365,2099 
1683380,2299 
1683056,2098 
1683112,2298 
132854,2066 
611655,2099 
368592,2098 
132944,2099 
1683156,2299 
1682887,2299 
1657765,2099 
1662754,2299 
1682830,2298 
249125,2099 
537919,2297 
1670172,2298 
1682947,2099 
1683071,2099 
962306,2096 
1669998,2099 
1683023,2098 
630610,2298 
661780,2099 
383510,2099 
471701,2099 
1682841,2098 
345146,2097 
1682805,2099 
1261536,2099 
990595,2098 
1236900,2099 
1682791,2098 
1660861,2098 
1682792,2099 
1630811,2099 
1662378,2098 
1631506,2099 
889780,2298 
1668420,2098 
648277,2099 
1398389,2099 
1682586,2098 
1669347,2298 
1678213,2298 
1321007,2299 
663749,2099 
1678512,2098 
1682512,2299 
1682342,2299 
1682434,2299 
1682479,2099 
1682470,2099 
1677103,2099 
1682439,2099 
1660436,2098 
635784,2099 
654821,2086 
608273,2299 
648412,2299 
1674716,2299 
774667,2297 
1458229,2299 
1149903,2099 
1681942,2298 
1677151,2099 
417598,2099 
1681595,2099 
1681569,2099 
609373,2099 
158810,2098 
1494012,2299 
1681526,2098 
657470,2298 
248623,2096 
1674758,2299 
483041,2299 
1681199,2299 
1666805,2099 
230832,2099 
964424,2298 
1652420,2099 
1681174,2299 
104460,2083 
1681135,2099 
792502,2299 
1680979,2099 
1674376,2099 
389252,2098 
1653353,2098 
1669394,2099 
69281,2081 
1680819,2098 
1680666,2299 
108847,2299 
1600916,2098 
1656445,2099 
1680642,2299 
1680578,2299 
1680564,2098 
1586066,2299 
1666412,2098 
1671346,2098 
1675436,2098 
1082365,2099 
1671842,2098 
149394,2099 
1680330,2298 
150052,2099 
1649726,2098 
1680268,2298 
652103,2299 
1680277,2098 
647439,2099 
1092585,2299 
1680119,2098 
1680137,2099 
1680040,2098 
81929,2286 
1198171,2298 
705492,2098 
1679969,2098 
1679834,2298 
1671072,2098 
1679818,2098 
1679660,2099 
406686,2099 
359025,2299 
1642461,2099 
1679218,2099 
654871,2085 
1679573,2098 
1678026,2099 
1679642,2099 
1671527,2298 
1679517,2098 
1679515,2299 
143122,2284 
1676518,2298 
1642540,2099 
1628732,2096 
128829,2098 
741904,2299 
753752,2299 
1351471,2076 
1678783,2298 
656186,2097 
1678779,2298 
1677373,2299 
1660843,2099 
1678330,2098 
1593899,2099 
1024837,2298 
1678371,2099 
666738,2085 
410466,2099 
1664271,2098 
1678344,2099 
1349920,2089 
1664173,2098 
1674105,2298 
1678044,2099 
1672816,2099 
1678138,2099 
1677987,2299 
664730,2084 
465045,2099 
1035962,2099 
1673611,2298 
1677631,2298 
470913,2299 
826414,2099 
1677516,2099 
1677498,2099 
971912,2099 
1674606,2298 
1649808,2099 
1677201,2098 
641803,2098 
1676825,2298 
1676557,2099 
1676973,2299 
976444,2298 
1676508,2099 
1665040,2098 
1676445,2098 
876222,2099 
1391852,2087 
1676293,2099 
1676198,2099 
1656560,2298 
846593,2298 
1674185,2098 
1676180,2099 
1229259,2298 
1676122,2099 
345265,2299 
1676039,2099 
1674895,2299 
1023312,2098 
1675169,2098 
366082,2299 
648407,2098 
1675662,2098 
1659795,2298 
1675412,2098 
1669149,2098 
1341822,2099 
1675518,2098 
1662892,2098 
1670009,2098 
1675531,2098 
1675486,2299 
262229,2096 
1674695,2098 
74069,2097 
1675256,2098 
1651316,2298 
1675274,2098 
1660895,2098 
1560878,2098 
1675109,2098 
144061,2075 
1000146,2299 
1660702,2298 
1674993,2298 
1675054,2098 
649697,2298 
1674850,2299 
1675000,2098 
554297,2299 
1674791,2099 
1674810,2099 
1674897,2299 
1674688,2298 
1674580,2299 
1674438,2299 
1674452,2099 
1674445,2098 
1674190,2099 
1674365,2098 
1674301,2098 
1671266,2298 
1674277,2099 
1669432,2099 
115698,1977 
1674238,2299 
1673467,2099 
1671904,2098 
236733,2068 
661357,2083 
1674004,2298 
1674121,2299 
723476,2098 
1674080,2099 
1670474,2098 
645574,2098 
776852,2099 
1673840,2098 
1661391,2098 
1653120,2099 
1673677,2099 
1673536,2298 
1673557,2099 
437420,2299 
1673553,2099 
1673291,2299 
1673524,2098 
1673344,2298 
1500709,2098 
1673362,2299 
68583,2099 
1673261,2098 
1671051,2099 
1673179,2099 
1669473,2298 
1132898,2098 
1655640,2298 
135417,2299 
148047,2098 
1672837,2298 
1672808,2098 
1672646,2298 
1666551,2298 
1672612,2099 
1672530,2098 
1671764,2099 
323282,2095 
235232,2295 
1671782,2298 
1671921,2098 
1669647,2099 
375862,2099 
1671850,2299 
973479,2099 
554499,2097 
1666678,2098 
1671633,2099 
1663188,2098 
1519613,2299 
1663623,2298 
481316,2299 
1671640,2099 
1628458,2299 
604118,2099 
959136,2298 
630300,2298 
293148,2086 
1671444,2098 
648937,2099 
145838,2299 
1671327,2098 
1671354,2298 
1670974,2098 
1671206,2098 
1671283,2098 
1671292,2098 
50308,2299 
1268337,2098 
1671224,2299 
260277,2299 
1671211,2099 
1626427,2098 
605413,2099 
1670615,2099 
1671099,2298 
685146,2099 
1669778,2099 
1671041,2099 
1671042,2098 
145088,2099 
1671052,2299 
1233964,2298 
1653968,2299 
174819,2098 
1666723,2098 
1669397,2299 
1670855,2098 
1670921,2099 
1670725,2098 
1670908,2099 
1670306,2099 
1669961,2098 
1670470,2298 
1670035,2299 
1079402,2094 
1050722,2099 
95720,2276 
967328,2298 
1670514,2099 
1670408,2299 
1663858,2098 
1670276,2299 
1670208,2098 
1665287,2299 
1670199,2099 
1670076,2099 
1283662,2299 
1670002,2099 
1667491,2098 
55121,2099 
1602033,2299 
1669866,2099 
1631767,2298 
495633,2098 
1669195,2099 
1642381,2298 
1650536,2098 
1669727,2299 
1441407,2097 
1669746,2298 
966620,2099 
1669675,2098 
1669671,2099 
1654410,2099 
1669586,2098 
1669570,2098 
73094,2298 
759510,2298 
1669540,2099 
1669428,2098 
1669355,2299 
1669312,2098 
1669338,2098 
106173,2099 
1669250,2098 
723710,2298 
1669221,2299 
1667795,2298 
908942,2099 
1015230,2098 
1668857,2099 
1668561,2299 
1574295,2098 
1661094,2298 
1294417,2299 
1630943,2099 
1667268,2098 
635646,2299 
1668912,2099 
1668709,2298 
334303,2099 
1668606,2098 
1668586,2098 
1668633,2098 
1668576,2298 
1668528,2098 
1659193,2099 
1169860,2098 
1665081,2098 
1668446,2298 
1668404,2299 
382880,2099 
1665891,2299 
606323,2099 
1623347,2098 
267021,2295 
120962,2056 
629935,2098 
952614,2095 
640417,2298 
1442583,2299 
692304,2099 
125248,2099 
1664889,2299 
1667828,2098 
938938,2099 
1031970,2099 
1031287,2099 
245868,2099 
51611,2053 
1365929,2099 
1057560,2299 
1662151,2098 
866493,2299 
1661871,2299 
1667168,2298 
1667158,2299 
1661334,2299 
1667069,2099 
645777,2099 
1000034,2098 
1667022,2099 
1662105,2099 
1372631,2299 
1660166,2098 
1666893,2299 
603899,2098 
230997,2098 
1666559,2298 
1666753,2099 
621823,2099 
1666720,2299 
1630037,2098 
6543,2075 
872975,2099 
1476127,2099 
1663723,2099 
1665687,2298 
1666556,2099 
1666545,2099 
356988,2299 
1666422,2298 
1666499,2099 
1634639,2098 
962953,2098 
1009915,2099 
1666407,2098 
1666202,2298 
728080,2299 
1666141,2098 
266397,2298 
1314381,2099 
1665877,2098 
1666027,2098 
1663372,2298 
1665968,2298 
1659004,2098 
1665993,2298 
1627360,2099 
627403,2299 
1665878,2298 
92019,2098 
1665803,2098 
1665643,2298 
1581842,2098 
1665862,2298 
1662928,2299 
1665723,2099 
605211,2299 
1023666,2098 
1312216,2099 
138347,2296 
1665591,2298 
603090,2098 
1665545,2098 
1665563,2099 
1663553,2299 
1665528,2098 
1658936,2098 
1659930,2099 
1663446,2298 
1665421,2299 
1665410,2099 
674663,2297 
815822,2097 
1665374,2099 
1665363,2099 
1664864,2098 
442119,2099 
346281,2097 
1650795,2098 
1661756,2099 
1665168,2098 
1665237,2098 
887848,2299 
624708,2099 
1665100,2099 
1665020,2298 
1636937,2098 
377598,2099 
1665138,2298 
1660774,2098 
973182,2097 
1664744,2098 
661390,2085 
1621997,2298 
1665029,2098 
1664486,2299 
1664992,2098 
1664735,2098 
1664863,2099 
1664689,2098 
469422,2099 
1664726,2099 
1662781,2299 
1664374,2099 
1664681,2098 
1664278,2099 
1664519,2098 
859502,2099 
1664484,2099 
642271,2099 
1121597,2099 
1634989,2299 
1658078,2298 
1664373,2298 
1664015,2098 
1664236,2299 
352373,2099 
1659635,2098 
1664200,2299 
1664262,2299 
1663850,2299 
1660901,2299 
1664045,2098 
1663861,2099 
1658243,2098 
1659979,2299 
603119,2098 
1660899,2299 
1663769,2098 
1661631,2099 
1663834,2099 
588612,2099 
205398,2285 
1653509,2098 
1663644,2098 
651926,2299 
880721,2298 
1663570,2098 
1220164,2095 
27830,2099 
1663386,2099 
1663181,2298 
48561,2099 
1662898,2099 
1653783,2099 
1655886,2298 
1658220,2098 
1660576,2098 
1661740,2299 
1662879,2298 
1661942,2299 
1662591,2099 
1662665,2098 
1660383,2098 
1660845,2099 
1662496,2099 
1662491,2099 
1660337,2098 
1054614,2097 
1662523,2099 
1658147,2099 
1662493,2299 
1662405,2298 
1662439,2299 
1662448,2099 
966561,2299 
231962,2099 
1662373,2099 
1660855,2098 
1662301,2099 
384628,2099 
1662347,2099 
168212,2095 
1661534,2099 
1662190,2099 
1662174,2298 
1662144,2098 
1646610,2099 
1657935,2299 
391921,2098 
1661905,2299 
1661996,2298 
415378,2099 
1661978,2298 
1662055,2098 
1662028,2299 
1661997,2299 
1661882,2098 
1625499,2099 
1652437,2299 
652850,2099 
1661863,2099 
158392,2282 
1661742,2098 
1661892,2099 
937803,2299 
1650719,2099 
1658080,2099 
591621,2299 
100591,2299 
1661504,2298 
1661673,2098 
1661656,2099 
129481,2080 
1661653,2099 
631835,2299 
1661603,2099 
1661467,2298 
902298,2299 
709428,2299 
1661157,2099 
394311,2099 
1660976,2099 
645643,2098 
1661328,2298 
1661229,2098 
1661190,2099 
1660888,2298 
1660948,2298 
1660806,2099 
1661098,2099 
1661138,2099 
1592955,2097 
1660947,2098 
1620081,2299 
607245,2098 
1661043,2298 
1661004,2299 
970138,2299 
1660959,2299 
1660892,2099 
1660937,2099 
1655871,2099 
1623719,2098 
1660837,2098 
575933,2099 
1660821,2298 
1659907,2099 
95345,2157 
1660720,2299 
120697,2099 
1660587,2098 
1660539,2098 
1660540,2099 
1660438,2099 
1660482,2099 
1660505,2098 
1660445,2099 
1660444,2098 
1660267,2098 
1660423,2098 
1660384,2098 
1654619,2299 
42905,2099 
1660330,2099 
1101584,2299 
1647260,2098 
355147,2299 
1660189,2098 
411890,2099 
1660244,2299 
998455,2098 
1328644,2298 
1659604,2098 
1644300,2299 
1659972,2298 
407836,2099 
1659798,2099 
1659851,2098 
155270,2099 
136606,2098 
1659791,2098 
1656554,2098 
90470,2099 
1659313,2299 
1659401,2098 
85648,2290 
1475419,2099 
1659354,2098 
1657789,2099 
1652783,2098 
1622686,2099 
484734,2099 
120350,2099 
1659088,2098 
1605042,2299 
967601,2299 
1658226,2098 
1659025,2098 
1594240,2098 
607894,2099 
1658674,2098 
1656426,2098 
1658757,2298 
1658622,2098 
1658578,2099 
1052259,2099 
1650540,2298 
1658635,2298 
1658119,2298 
1658554,2098 
1628115,2095 
1658445,2299 
1658568,2299 
611868,2099 
621598,2084 
1658363,2098 
1658448,2099 
1658485,2298 
1658276,2098 
1484098,2098 
1658302,2299 
552076,2298 
686662,2299 
1658279,2099 
917262,2098 
1425766,2299 
1658116,2098 
1657926,2099 
1658238,2098 
1658237,2299 
1658013,2099 
1658125,2098 
1657797,2099 
1658130,2099 
293367,2299 
1657831,2099 
657337,2298 
1657953,2098 
1657939,2098 
1657569,2299 
1657808,2098 
1657800,2099 
1657817,2099 
1657882,2099 
1656742,2099 
964885,2098 
368319,2096 
1640310,2298 
1657530,2099 
1657669,2099 
1654291,2098 
1315156,2299 
1657543,2298 
1657643,2098 
1657478,2299 
1657361,2099 
1657583,2099 
636048,2099 
1657515,2099 
289217,2098 
433933,2299 
1657344,2298 
657815,2085 
1657167,2098 
470108,2299 
1657355,2098 
1656978,2098 
1657064,2299 
607779,2099 
113236,2099 
1657133,2298 
1650801,2099 
1654659,2099 
153463,2097 
1157246,2099 
1649884,2099 
380802,2099 
1657074,2098 
487184,2099 
1654552,2099 
1656799,2098 
1656825,2099 
317536,2299 
143682,2299 
1656580,2098 
1656377,2099 
1656545,2099 
1656593,2098 
844679,2097 
413162,2099 
1656597,2098 
1656622,2098 
619955,2098 
1655695,2299 
1005904,2099 
1656175,2098 
1656456,2099 
1656357,2099 
1649845,2098 
1656289,2298 
1656253,2099 
1656172,2098 
1656122,2099 
1653706,2299 
1656009,2098 
1656015,2098 
1654011,2098 
1655883,2299 
1652810,2298 
413774,2299 
1651297,2298 
235506,2097 
1655543,2298 
644561,2099 
463440,2088 
1655569,2099 
1012027,2099 
1655673,2098 
1655514,2299 
184314,2099 
912010,2096 
1655386,2098 
1655281,2099 
1655326,2299 
1655170,2299 
1433503,2299 
1655250,2299 
1655211,2099 
1494795,2098 
1632484,2099 
1654992,2098 
1655015,2099 
1654984,2099 
1650554,2098 
1654919,2098 
1652913,2099 
297420,2298 
1037064,2099 
1654589,2299 
1654578,2098 
170906,2006 
1654427,2099 
1654347,2099 
1638993,2299 
1654357,2099 
1653976,2298 
279108,2085 
205932,2095 
1653940,2098 
1653980,2299 
1653606,2098 
1653818,2099 
1346984,2099 
1653849,2298 
1653718,2099 
208062,2299 
131689,2074 
330016,2099 
1653504,2098 
1653590,2299 
121997,2279 
1653635,2298 
653141,2098 
661139,2098 
1653486,2099 
1653524,2098 
1653445,2099 
1631639,2099 
499760,2099 
285918,2099 
1653028,2098 
1573236,2099 
204284,2099 
1653153,2099 
1653058,2098 
1653079,2098 
1653045,2098 
1652680,2299 
1613268,2299 
1652636,2099 
1652737,2099 
1552804,2099 
1652545,2299 
1652381,2098 
388710,2099 
654194,2099 
1097339,2099 
1652321,2099 
1652165,2099 
1652036,2299 
307475,2097 
1651976,2099 
1651998,2099 
1142252,2099 
1652047,2099 
961177,2097 
1003905,2099 
310538,2082 
1651738,2099 
1651624,2299 
360185,2097 
320002,2098 
1651522,2098 
1651669,2098 
1651622,2099 
1650784,2098 
1651414,2098 
1651032,2098 
581983,2099 
283659,2099 
1651449,2099 
1651497,2298 
1651406,2098 
361258,2099 
1651155,2099 
65583,2094 
1651036,2099 
1651191,2099 
618645,2099 
1651293,2098 
1650847,2098 
1651242,2299 
1631778,2298 
1651181,2099 
1650935,2098 
1651171,2298 
1650896,2098 
1650913,2299 
1650923,2099 
175169,2299 
408574,2099 
1650714,2099 
1650763,2099 
1650268,2099 
1650556,2098 
1650351,2099 
174557,2099 
1650135,2098 
1650244,2098 
1122530,2099 
163614,2099 
660038,2098 
640931,2082 
1649863,2099 
1649739,2099 
292125,2099 
401435,2299 
610454,2065 
1649550,2099 
650187,2081 
1649434,2099 
800967,2029 
583652,2099 
1625084,2099 
1649190,2099 
1637191,2298 
164474,2295 
1649172,2298 
1648924,2099 
1509906,2097 
1648238,2099 
1648310,2099 
1647984,2099 
474885,2099 
68196,2099 
1647542,2098 
1116241,2098 
709718,2299 
1625373,2298 
1625523,2098 
819491,2099 
1025358,2099 
965190,2299 
1631901,2099 
1631805,2099 
1645111,2298 
1645307,2099 
168005,2097 
205750,2098 
1638156,2099 
417187,2285 
1642582,2098 
639141,2099 
1644473,2098 
1635055,2099 
414937,2097 
1629076,2298 
1642796,2098 
458347,2099 
1643026,2099 
1642753,2299 
1642917,2099 
1642876,2099 
1301889,2299 
108023,2069 
1625015,2098 
394810,2099 
1625702,2298 
1642449,2299 
1640726,2098 
1642349,2298 
860390,2099 
1624488,2099 
650951,2086 
688751,2297 
726743,2299 
1642119,2299 
1097123,2099 
137864,2099 
1018480,2299 
1641097,2098 
294117,2099 
1622206,2099 
654101,2098 
695048,2099 
1496403,2098 
690215,2099 
1640675,2099 
1633268,2098 
646839,2087 
1640650,2098 
1525994,2099 
386457,2299 
1639323,2299 
1637587,2098 
1635605,2299 
714960,2099 
709789,2099 
1039309,2099 
1639598,2298 
364887,2299 
702622,2298 
324789,2083 
1027226,2098 
659111,2099 
1634891,2098 
1443831,2099 
1638192,2098 
823853,2099 
258158,2097 
865191,2099 
767292,2099 
599766,2099 
566107,2099 
373854,2098 
820254,2098 
69330,2083 
1637379,2099 
1619965,2298 
951592,2099 
606663,2085 
1637155,2098 
175732,2099 
680950,2078 
930767,2268 
900685,2099 
1635690,2299 
134064,2299 
1628033,2099 
1633971,2098 
744894,2098 
1299984,2298 
973597,2099 
1559748,2099 
1594105,2299 
1635092,2299 
1000356,2099 
1624168,2298 
1635719,2098 
749626,2098 
1632206,2099 
102814,2089 
1634438,2098 
1635017,2098 
1634821,2298 
1634622,2098 
1243736,2099 
993887,2098 
1277814,2099 
1382309,2299 
599132,2298 
1634740,2098 
13058,2081 
666174,2299 
655043,2099 
397589,2099 
1632101,2099 
1129618,2099 
862025,2098 
392784,2185 
1633948,2099 
1634234,2098 
797292,2099 
96817,2099 
1634059,2098 
338846,2099 
283871,2097 
1633777,2099 
1613367,2299 
615746,2098 
548423,2099 
388945,2099 
416822,2099 
1185136,2099 
1633230,2298 
90981,2099 
1633058,2298 
1632182,2098 
968056,2299 
967895,2098 
1632388,2298 
1629850,2098 
393836,2099 
1632568,2299 
1632566,2099 
1632446,2298 
1192418,2099 
153357,2097 
660316,2087 
1629004,2099 
214222,2297 
710626,2097 
1335172,2048 
1528050,2298 
1631713,2299 
1036855,2098 
656892,2094 
1631383,2298 
1629275,2099 
751932,2099 
1630993,2299 
1600580,2099 
204117,2099 
438409,2098 
1567721,2296 
650636,2099 
1630662,2299 
102373,2098 
1630564,2298 
1626076,2299 
937456,2299 
1496626,2099 
381466,2098 
681021,2098 
1630094,2298 
687423,2099 
414276,2099 
337921,2099 
225486,2099 
1625710,2098 
1005177,2098 
229818,2099 
652393,2099 
475894,2259 
1297254,2088 
1579819,2299 
1007622,2098 
1101245,2098 
1626524,2298 
819752,2098 
1629391,2099 
185061,2098 
1629395,2099 
1312110,2099 
1629230,2298 
626019,2099 
1009156,2099 
1629133,2098 
1628935,2099 
890096,2299 
1157692,2299 
1629086,2099 
1250505,2098 
1629035,2098 
1628995,2098 
248958,2097 
491440,2099 
1628960,2098 
1628961,2298 
140415,2097 
273240,2099 
342002,2099 
677071,2098 
1624936,2098 
1627509,2099 
1011865,2097 
14737,2099 
633754,2299 
1628552,2099 
648977,2285 
1626988,2098 
854946,2298 
1184759,2099 
1625603,2098 
1621867,2098 
1514408,2286 
1625386,2099 
278588,2099 
885778,2099 
1628046,2298 
620871,2085 
1492886,2099 
580240,2099 
789765,2099 
1627513,2298 
385583,2084 
1627780,2099 
1087735,2298 
184118,2298 
722072,2298 
657218,2298 
1627567,2299 
1618397,2098 
389184,2099 
1627307,2098 
1627255,2299 
1255245,2096 
776575,2082 
955087,2098 
455150,2299 
1625941,2098 
1627062,2099 
1626642,2099 
768181,2099 
452197,2099 
632898,2099 
1570895,2099 
1626646,2099 
1626890,2099 
1624533,2298 
1623232,2098 
523646,2097 
575422,2099 
914545,2097 
1060710,2298 
1626820,2298 
751346,2299 
647393,2098 
820050,2098 
1626745,2298 
1623201,2099 
266569,2282 
479995,2298 
504959,2099 
346747,2097 
1623760,2098 
1626542,2098 
1626608,2298 
247266,2297 
840201,2299 
913240,2099 
962346,2099 
1061981,2298 
833821,2088 
1001413,2098 
321125,2085 
1626365,2098 
1626433,2098 
623114,2099 
1626331,2099 
648124,2093 
1626243,2099 
1425356,2099 
1626258,2099 
926630,2096 
950806,2098 
1048220,2099 
604116,2098 
91593,2099 
578876,2299 
482068,2096 
1626008,2098 
135540,2099 
449360,2099 
663946,2284 
1572190,2099 
1625837,2298 
381569,2099 
1625772,2098 
1625730,2298 
249714,2087 
1625797,2299 
1168907,2099 
1625640,2098 
1625571,2099 
1625615,2099 
691872,2298 
600303,2099 
144535,2097 
71521,2087 
728842,2099 
1000471,2099 
844111,2296 
628287,2299 
859368,2299 
1624900,2098 
1625074,2098 
709670,2298 
1625016,2099 
392725,2299 
1454537,2099 
876903,2098 
1624893,2099 
322610,2079 
1624890,2099 
1624888,2098 
742916,2099 
1624423,2299 
51614,2094 
1315133,2099 
1001866,2095 
779931,2098 
610477,2099 
1497450,2099 
714544,2098 
1584427,2299 
664980,2096 
1204130,2099 
388406,2099 
364762,2099 
1624155,2098 
961579,2285 
253925,1912 
111882,2082 
1624109,2098 
1624119,2298 
1482936,2098 
1487220,2273 
1571984,2099 
411948,2299 
602267,2084 
1623996,2299 
1622157,2098 
639098,2298 
158110,2099 
69402,2298 
1623727,2299 
1623905,2299 
583148,2099 
1622908,2299 
644145,2098 
817600,2098 
1497498,2298 
1623821,2098 
706259,2298 
654655,2068 
979582,2099 
512201,2098 
1623747,2299 
1025377,2097 
1623543,2298 
1389712,2299 
601128,2099 
106379,2099 
1623697,2299 
1408050,2099 
706676,2299 
809101,2098 
475146,2099 
281822,2099 
396411,2086 
169539,2099 
1005162,2098 
380457,2299 
1621219,2299 
1623368,2098 
780203,2299 
636441,2099 
1307102,2074 
146820,2097 
267981,2299 
954358,2099 
70576,2099 
754545,2098 
1623523,2099 
666133,2298 
538236,2099 
1028973,2093 
603687,2097 
1623470,2099 
1614400,2099 
651862,2097 
268354,2098 
1623453,2299 
965435,2299 
1623438,2298 
1342894,2099 
1010346,2099 
1168462,2098 
668576,2099 
412280,2099 
601761,2099 
599934,2064 
1360200,2098 
1623370,2299 
426168,2292 
245360,2099 
1623262,2299 
1623305,2099 
1093802,2099 
79342,2097 
95637,2096 
846948,2098 
962569,2099 
1242314,2298 
67219,2097 
652546,2073 
617856,2099 
1478798,2298 
652759,2084 
606280,2097 
625221,2081 
1107236,2099 
1623158,2098 
1497441,2299 
763585,2099 
431542,2098 
297592,2092 
1622885,2298 
162591,2099 
615097,2099 
1622552,2299 
1537932,2098 
1621794,2098 
593190,2299 
235613,2099 
320585,2094 
319545,2099 
421001,2099 
1086508,2097 
1608880,2299 
1267336,2087 
469711,2099 
1619487,2098 
108482,2297 
1007636,2099 
409459,2068 
248866,1984 
1500991,2298 
1610261,2099 
1589168,2299 
1594370,2099 
1617337,2298 
934358,2098 
1609664,2298 
1505826,2098 
664250,2099 
1580937,2099 
1597834,2299 
1577395,2099 
679335,2099 
102639,2099 
423654,2096 
1572775,2299 
1611726,2098 
1605395,2099 
1610132,2299 
8079,2037 
1504030,2298 
1592225,2298 
1601449,2098 
1607542,2098 
